date,value,series_id,series_name
2016-01-07,3.97,MORTGAGE30US,30yr_Fixed_Mortgage_Rate
2016-01-14,3.92,MORTGAGE30US,30yr_Fixed_Mortgage_Rate
2016-01-21,3.81,MORTGAGE30US,30yr_Fixed_Mortgage_Rate
2016-01-28,3.79,MORTGAGE30US,30yr_Fixed_Mortgage_Rate
2016-02-04,3.72,MORTGAGE30US,30yr_Fixed_Mortgage_Rate
2016-02-11,3.65,MORTGAGE30US,30yr_Fixed_Mortgage_Rate
2016-02-18,3.65,MORTGAGE30US,30yr_Fixed_Mortgage_Rate
2016-02-25,3.62,MORTGAGE30US,30yr_Fixed_Mortgage_Rate
2016-03-03,3.64,MORTGAGE30US,30yr_Fixed_Mortgage_Rate
2016-03-10,3.68,MORTGAGE30US,30yr_Fixed_Mortgage_Rate
2016-03-17,3.73,MORTGAGE30US,30yr_Fixed_Mortgage_Rate
2016-03-24,3.71,MORTGAGE30US,30yr_Fixed_Mortgage_Rate
2016-03-31,3.71,MORTGAGE30US,30yr_Fixed_Mortgage_Rate
2016-04-07,3.59,MORTGAGE30US,30yr_Fixed_Mortgage_Rate
2016-04-14,3.58,MORTGAGE30US,30yr_Fixed_Mortgage_Rate
2016-04-21,3.59,MORTGAGE30US,30yr_Fixed_Mortgage_Rate
2016-04-28,3.66,MORTGAGE30US,30yr_Fixed_Mortgage_Rate
2016-05-05,3.61,MORTGAGE30US,30yr_Fixed_Mortgage_Rate
2016-05-12,3.57,MORTGAGE30US,30yr_Fixed_Mortgage_Rate
2016-05-19,3.58,MORTGAGE30US,30yr_Fixed_Mortgage_Rate
2016-05-26,3.64,MORTGAGE30US,30yr_Fixed_Mortgage_Rate
2016-06-02,3.66,MORTGAGE30US,30yr_Fixed_Mortgage_Rate
2016-06-09,3.6,MORTGAGE30US,30yr_Fixed_Mortgage_Rate
2016-06-16,3.54,MORTGAGE30US,30yr_Fixed_Mortgage_Rate
2016-06-23,3.56,MORTGAGE30US,30yr_Fixed_Mortgage_Rate
2016-06-30,3.48,MORTGAGE30US,30yr_Fixed_Mortgage_Rate
2016-07-07,3.41,MORTGAGE30US,30yr_Fixed_Mortgage_Rate
2016-07-14,3.42,MORTGAGE30US,30yr_Fixed_Mortgage_Rate
2016-07-21,3.45,MORTGAGE30US,30yr_Fixed_Mortgage_Rate
2016-07-28,3.48,MORTGAGE30US,30yr_Fixed_Mortgage_Rate
2016-08-04,3.43,MORTGAGE30US,30yr_Fixed_Mortgage_Rate
2016-08-11,3.45,MORTGAGE30US,30yr_Fixed_Mortgage_Rate
2016-08-18,3.43,MORTGAGE30US,30yr_Fixed_Mortgage_Rate
2016-08-25,3.43,MORTGAGE30US,30yr_Fixed_Mortgage_Rate
2016-09-01,3.46,MORTGAGE30US,30yr_Fixed_Mortgage_Rate
2016-09-08,3.44,MORTGAGE30US,30yr_Fixed_Mortgage_Rate
2016-09-15,3.5,MORTGAGE30US,30yr_Fixed_Mortgage_Rate
2016-09-22,3.48,MORTGAGE30US,30yr_Fixed_Mortgage_Rate
2016-09-29,3.42,MORTGAGE30US,30yr_Fixed_Mortgage_Rate
2016-10-06,3.42,MORTGAGE30US,30yr_Fixed_Mortgage_Rate
2016-10-13,3.47,MORTGAGE30US,30yr_Fixed_Mortgage_Rate
2016-10-20,3.52,MORTGAGE30US,30yr_Fixed_Mortgage_Rate
2016-10-27,3.47,MORTGAGE30US,30yr_Fixed_Mortgage_Rate
2016-11-03,3.54,MORTGAGE30US,30yr_Fixed_Mortgage_Rate
2016-11-10,3.57,MORTGAGE30US,30yr_Fixed_Mortgage_Rate
2016-11-17,3.94,MORTGAGE30US,30yr_Fixed_Mortgage_Rate
2016-11-23,4.03,MORTGAGE30US,30yr_Fixed_Mortgage_Rate
2016-12-01,4.08,MORTGAGE30US,30yr_Fixed_Mortgage_Rate
2016-12-08,4.13,MORTGAGE30US,30yr_Fixed_Mortgage_Rate
2016-12-15,4.16,MORTGAGE30US,30yr_Fixed_Mortgage_Rate
2016-12-22,4.3,MORTGAGE30US,30yr_Fixed_Mortgage_Rate
2016-12-29,4.32,MORTGAGE30US,30yr_Fixed_Mortgage_Rate
2017-01-05,4.2,MORTGAGE30US,30yr_Fixed_Mortgage_Rate
2017-01-12,4.12,MORTGAGE30US,30yr_Fixed_Mortgage_Rate
2017-01-19,4.09,MORTGAGE30US,30yr_Fixed_Mortgage_Rate
2017-01-26,4.19,MORTGAGE30US,30yr_Fixed_Mortgage_Rate
2017-02-02,4.19,MORTGAGE30US,30yr_Fixed_Mortgage_Rate
2017-02-09,4.17,MORTGAGE30US,30yr_Fixed_Mortgage_Rate
2017-02-16,4.15,MORTGAGE30US,30yr_Fixed_Mortgage_Rate
2017-02-23,4.16,MORTGAGE30US,30yr_Fixed_Mortgage_Rate
2017-03-02,4.1,MORTGAGE30US,30yr_Fixed_Mortgage_Rate
2017-03-09,4.21,MORTGAGE30US,30yr_Fixed_Mortgage_Rate
2017-03-16,4.3,MORTGAGE30US,30yr_Fixed_Mortgage_Rate
2017-03-23,4.23,MORTGAGE30US,30yr_Fixed_Mortgage_Rate
2017-03-30,4.14,MORTGAGE30US,30yr_Fixed_Mortgage_Rate
2017-04-06,4.1,MORTGAGE30US,30yr_Fixed_Mortgage_Rate
2017-04-13,4.08,MORTGAGE30US,30yr_Fixed_Mortgage_Rate
2017-04-20,3.97,MORTGAGE30US,30yr_Fixed_Mortgage_Rate
2017-04-27,4.03,MORTGAGE30US,30yr_Fixed_Mortgage_Rate
2017-05-04,4.02,MORTGAGE30US,30yr_Fixed_Mortgage_Rate
2017-05-11,4.05,MORTGAGE30US,30yr_Fixed_Mortgage_Rate
2017-05-18,4.02,MORTGAGE30US,30yr_Fixed_Mortgage_Rate
2017-05-25,3.95,MORTGAGE30US,30yr_Fixed_Mortgage_Rate
2017-06-01,3.94,MORTGAGE30US,30yr_Fixed_Mortgage_Rate
2017-06-08,3.89,MORTGAGE30US,30yr_Fixed_Mortgage_Rate
2017-06-15,3.91,MORTGAGE30US,30yr_Fixed_Mortgage_Rate
2017-06-22,3.9,MORTGAGE30US,30yr_Fixed_Mortgage_Rate
2017-06-29,3.88,MORTGAGE30US,30yr_Fixed_Mortgage_Rate
2017-07-06,3.96,MORTGAGE30US,30yr_Fixed_Mortgage_Rate
2017-07-13,4.03,MORTGAGE30US,30yr_Fixed_Mortgage_Rate
2017-07-20,3.96,MORTGAGE30US,30yr_Fixed_Mortgage_Rate
2017-07-27,3.92,MORTGAGE30US,30yr_Fixed_Mortgage_Rate
2017-08-03,3.93,MORTGAGE30US,30yr_Fixed_Mortgage_Rate
2017-08-10,3.9,MORTGAGE30US,30yr_Fixed_Mortgage_Rate
2017-08-17,3.89,MORTGAGE30US,30yr_Fixed_Mortgage_Rate
2017-08-24,3.86,MORTGAGE30US,30yr_Fixed_Mortgage_Rate
2017-08-31,3.82,MORTGAGE30US,30yr_Fixed_Mortgage_Rate
2017-09-07,3.78,MORTGAGE30US,30yr_Fixed_Mortgage_Rate
2017-09-14,3.78,MORTGAGE30US,30yr_Fixed_Mortgage_Rate
2017-09-21,3.83,MORTGAGE30US,30yr_Fixed_Mortgage_Rate
2017-09-28,3.83,MORTGAGE30US,30yr_Fixed_Mortgage_Rate
2017-10-05,3.85,MORTGAGE30US,30yr_Fixed_Mortgage_Rate
2017-10-12,3.91,MORTGAGE30US,30yr_Fixed_Mortgage_Rate
2017-10-19,3.88,MORTGAGE30US,30yr_Fixed_Mortgage_Rate
2017-10-26,3.94,MORTGAGE30US,30yr_Fixed_Mortgage_Rate
2017-11-02,3.94,MORTGAGE30US,30yr_Fixed_Mortgage_Rate
2017-11-09,3.9,MORTGAGE30US,30yr_Fixed_Mortgage_Rate
2017-11-16,3.95,MORTGAGE30US,30yr_Fixed_Mortgage_Rate
2017-11-22,3.92,MORTGAGE30US,30yr_Fixed_Mortgage_Rate
2017-11-30,3.9,MORTGAGE30US,30yr_Fixed_Mortgage_Rate
2017-12-07,3.94,MORTGAGE30US,30yr_Fixed_Mortgage_Rate
2017-12-14,3.93,MORTGAGE30US,30yr_Fixed_Mortgage_Rate
2017-12-21,3.94,MORTGAGE30US,30yr_Fixed_Mortgage_Rate
2017-12-28,3.99,MORTGAGE30US,30yr_Fixed_Mortgage_Rate
2018-01-04,3.95,MORTGAGE30US,30yr_Fixed_Mortgage_Rate
2018-01-11,3.99,MORTGAGE30US,30yr_Fixed_Mortgage_Rate
2018-01-18,4.04,MORTGAGE30US,30yr_Fixed_Mortgage_Rate
2018-01-25,4.15,MORTGAGE30US,30yr_Fixed_Mortgage_Rate
2018-02-01,4.22,MORTGAGE30US,30yr_Fixed_Mortgage_Rate
2018-02-08,4.32,MORTGAGE30US,30yr_Fixed_Mortgage_Rate
2018-02-15,4.38,MORTGAGE30US,30yr_Fixed_Mortgage_Rate
2018-02-22,4.4,MORTGAGE30US,30yr_Fixed_Mortgage_Rate
2018-03-01,4.43,MORTGAGE30US,30yr_Fixed_Mortgage_Rate
2018-03-08,4.46,MORTGAGE30US,30yr_Fixed_Mortgage_Rate
2018-03-15,4.44,MORTGAGE30US,30yr_Fixed_Mortgage_Rate
2018-03-22,4.45,MORTGAGE30US,30yr_Fixed_Mortgage_Rate
2018-03-29,4.44,MORTGAGE30US,30yr_Fixed_Mortgage_Rate
2018-04-05,4.4,MORTGAGE30US,30yr_Fixed_Mortgage_Rate
2018-04-12,4.42,MORTGAGE30US,30yr_Fixed_Mortgage_Rate
2018-04-19,4.47,MORTGAGE30US,30yr_Fixed_Mortgage_Rate
2018-04-26,4.58,MORTGAGE30US,30yr_Fixed_Mortgage_Rate
2018-05-03,4.55,MORTGAGE30US,30yr_Fixed_Mortgage_Rate
2018-05-10,4.55,MORTGAGE30US,30yr_Fixed_Mortgage_Rate
2018-05-17,4.61,MORTGAGE30US,30yr_Fixed_Mortgage_Rate
2018-05-24,4.66,MORTGAGE30US,30yr_Fixed_Mortgage_Rate
2018-05-31,4.56,MORTGAGE30US,30yr_Fixed_Mortgage_Rate
2018-06-07,4.54,MORTGAGE30US,30yr_Fixed_Mortgage_Rate
2018-06-14,4.62,MORTGAGE30US,30yr_Fixed_Mortgage_Rate
2018-06-21,4.57,MORTGAGE30US,30yr_Fixed_Mortgage_Rate
2018-06-28,4.55,MORTGAGE30US,30yr_Fixed_Mortgage_Rate
2018-07-05,4.52,MORTGAGE30US,30yr_Fixed_Mortgage_Rate
2018-07-12,4.53,MORTGAGE30US,30yr_Fixed_Mortgage_Rate
2018-07-19,4.52,MORTGAGE30US,30yr_Fixed_Mortgage_Rate
2018-07-26,4.54,MORTGAGE30US,30yr_Fixed_Mortgage_Rate
2018-08-02,4.6,MORTGAGE30US,30yr_Fixed_Mortgage_Rate
2018-08-09,4.59,MORTGAGE30US,30yr_Fixed_Mortgage_Rate
2018-08-16,4.53,MORTGAGE30US,30yr_Fixed_Mortgage_Rate
2018-08-23,4.51,MORTGAGE30US,30yr_Fixed_Mortgage_Rate
2018-08-30,4.52,MORTGAGE30US,30yr_Fixed_Mortgage_Rate
2018-09-06,4.54,MORTGAGE30US,30yr_Fixed_Mortgage_Rate
2018-09-13,4.6,MORTGAGE30US,30yr_Fixed_Mortgage_Rate
2018-09-20,4.65,MORTGAGE30US,30yr_Fixed_Mortgage_Rate
2018-09-27,4.72,MORTGAGE30US,30yr_Fixed_Mortgage_Rate
2018-10-04,4.71,MORTGAGE30US,30yr_Fixed_Mortgage_Rate
2018-10-11,4.9,MORTGAGE30US,30yr_Fixed_Mortgage_Rate
2018-10-18,4.85,MORTGAGE30US,30yr_Fixed_Mortgage_Rate
2018-10-25,4.86,MORTGAGE30US,30yr_Fixed_Mortgage_Rate
2018-11-01,4.83,MORTGAGE30US,30yr_Fixed_Mortgage_Rate
2018-11-08,4.94,MORTGAGE30US,30yr_Fixed_Mortgage_Rate
2018-11-15,4.94,MORTGAGE30US,30yr_Fixed_Mortgage_Rate
2018-11-21,4.81,MORTGAGE30US,30yr_Fixed_Mortgage_Rate
2018-11-29,4.81,MORTGAGE30US,30yr_Fixed_Mortgage_Rate
2018-12-06,4.75,MORTGAGE30US,30yr_Fixed_Mortgage_Rate
2018-12-13,4.63,MORTGAGE30US,30yr_Fixed_Mortgage_Rate
2018-12-20,4.62,MORTGAGE30US,30yr_Fixed_Mortgage_Rate
2018-12-27,4.55,MORTGAGE30US,30yr_Fixed_Mortgage_Rate
2019-01-03,4.51,MORTGAGE30US,30yr_Fixed_Mortgage_Rate
2019-01-10,4.45,MORTGAGE30US,30yr_Fixed_Mortgage_Rate
2019-01-17,4.45,MORTGAGE30US,30yr_Fixed_Mortgage_Rate
2019-01-24,4.45,MORTGAGE30US,30yr_Fixed_Mortgage_Rate
2019-01-31,4.46,MORTGAGE30US,30yr_Fixed_Mortgage_Rate
2019-02-07,4.41,MORTGAGE30US,30yr_Fixed_Mortgage_Rate
2019-02-14,4.37,MORTGAGE30US,30yr_Fixed_Mortgage_Rate
2019-02-21,4.35,MORTGAGE30US,30yr_Fixed_Mortgage_Rate
2019-02-28,4.35,MORTGAGE30US,30yr_Fixed_Mortgage_Rate
2019-03-07,4.41,MORTGAGE30US,30yr_Fixed_Mortgage_Rate
2019-03-14,4.31,MORTGAGE30US,30yr_Fixed_Mortgage_Rate
2019-03-21,4.28,MORTGAGE30US,30yr_Fixed_Mortgage_Rate
2019-03-28,4.06,MORTGAGE30US,30yr_Fixed_Mortgage_Rate
2019-04-04,4.08,MORTGAGE30US,30yr_Fixed_Mortgage_Rate
2019-04-11,4.12,MORTGAGE30US,30yr_Fixed_Mortgage_Rate
2019-04-18,4.17,MORTGAGE30US,30yr_Fixed_Mortgage_Rate
2019-04-25,4.2,MORTGAGE30US,30yr_Fixed_Mortgage_Rate
2019-05-02,4.14,MORTGAGE30US,30yr_Fixed_Mortgage_Rate
2019-05-09,4.1,MORTGAGE30US,30yr_Fixed_Mortgage_Rate
2019-05-16,4.07,MORTGAGE30US,30yr_Fixed_Mortgage_Rate
2019-05-23,4.06,MORTGAGE30US,30yr_Fixed_Mortgage_Rate
2019-05-30,3.99,MORTGAGE30US,30yr_Fixed_Mortgage_Rate
2019-06-06,3.82,MORTGAGE30US,30yr_Fixed_Mortgage_Rate
2019-06-13,3.82,MORTGAGE30US,30yr_Fixed_Mortgage_Rate
2019-06-20,3.84,MORTGAGE30US,30yr_Fixed_Mortgage_Rate
2019-06-27,3.73,MORTGAGE30US,30yr_Fixed_Mortgage_Rate
2019-07-03,3.75,MORTGAGE30US,30yr_Fixed_Mortgage_Rate
2019-07-11,3.75,MORTGAGE30US,30yr_Fixed_Mortgage_Rate
2019-07-18,3.81,MORTGAGE30US,30yr_Fixed_Mortgage_Rate
2019-07-25,3.75,MORTGAGE30US,30yr_Fixed_Mortgage_Rate
2019-08-01,3.75,MORTGAGE30US,30yr_Fixed_Mortgage_Rate
2019-08-08,3.6,MORTGAGE30US,30yr_Fixed_Mortgage_Rate
2019-08-15,3.6,MORTGAGE30US,30yr_Fixed_Mortgage_Rate
2019-08-22,3.55,MORTGAGE30US,30yr_Fixed_Mortgage_Rate
2019-08-29,3.58,MORTGAGE30US,30yr_Fixed_Mortgage_Rate
2019-09-05,3.49,MORTGAGE30US,30yr_Fixed_Mortgage_Rate
2019-09-12,3.56,MORTGAGE30US,30yr_Fixed_Mortgage_Rate
2019-09-19,3.73,MORTGAGE30US,30yr_Fixed_Mortgage_Rate
2019-09-26,3.64,MORTGAGE30US,30yr_Fixed_Mortgage_Rate
2019-10-03,3.65,MORTGAGE30US,30yr_Fixed_Mortgage_Rate
2019-10-10,3.57,MORTGAGE30US,30yr_Fixed_Mortgage_Rate
2019-10-17,3.69,MORTGAGE30US,30yr_Fixed_Mortgage_Rate
2019-10-24,3.75,MORTGAGE30US,30yr_Fixed_Mortgage_Rate
2019-10-31,3.78,MORTGAGE30US,30yr_Fixed_Mortgage_Rate
2019-11-07,3.69,MORTGAGE30US,30yr_Fixed_Mortgage_Rate
2019-11-14,3.75,MORTGAGE30US,30yr_Fixed_Mortgage_Rate
2019-11-21,3.66,MORTGAGE30US,30yr_Fixed_Mortgage_Rate
2019-11-27,3.68,MORTGAGE30US,30yr_Fixed_Mortgage_Rate
2019-12-05,3.68,MORTGAGE30US,30yr_Fixed_Mortgage_Rate
2019-12-12,3.73,MORTGAGE30US,30yr_Fixed_Mortgage_Rate
2019-12-19,3.73,MORTGAGE30US,30yr_Fixed_Mortgage_Rate
2019-12-26,3.74,MORTGAGE30US,30yr_Fixed_Mortgage_Rate
2020-01-02,3.72,MORTGAGE30US,30yr_Fixed_Mortgage_Rate
2020-01-09,3.64,MORTGAGE30US,30yr_Fixed_Mortgage_Rate
2020-01-16,3.65,MORTGAGE30US,30yr_Fixed_Mortgage_Rate
2020-01-23,3.6,MORTGAGE30US,30yr_Fixed_Mortgage_Rate
2020-01-30,3.51,MORTGAGE30US,30yr_Fixed_Mortgage_Rate
2020-02-06,3.45,MORTGAGE30US,30yr_Fixed_Mortgage_Rate
2020-02-13,3.47,MORTGAGE30US,30yr_Fixed_Mortgage_Rate
2020-02-20,3.49,MORTGAGE30US,30yr_Fixed_Mortgage_Rate
2020-02-27,3.45,MORTGAGE30US,30yr_Fixed_Mortgage_Rate
2020-03-05,3.29,MORTGAGE30US,30yr_Fixed_Mortgage_Rate
2020-03-12,3.36,MORTGAGE30US,30yr_Fixed_Mortgage_Rate
2020-03-19,3.65,MORTGAGE30US,30yr_Fixed_Mortgage_Rate
2020-03-26,3.5,MORTGAGE30US,30yr_Fixed_Mortgage_Rate
2020-04-02,3.33,MORTGAGE30US,30yr_Fixed_Mortgage_Rate
2020-04-09,3.33,MORTGAGE30US,30yr_Fixed_Mortgage_Rate
2020-04-16,3.31,MORTGAGE30US,30yr_Fixed_Mortgage_Rate
2020-04-23,3.33,MORTGAGE30US,30yr_Fixed_Mortgage_Rate
2020-04-30,3.23,MORTGAGE30US,30yr_Fixed_Mortgage_Rate
2020-05-07,3.26,MORTGAGE30US,30yr_Fixed_Mortgage_Rate
2020-05-14,3.28,MORTGAGE30US,30yr_Fixed_Mortgage_Rate
2020-05-21,3.24,MORTGAGE30US,30yr_Fixed_Mortgage_Rate
2020-05-28,3.15,MORTGAGE30US,30yr_Fixed_Mortgage_Rate
2020-06-04,3.18,MORTGAGE30US,30yr_Fixed_Mortgage_Rate
2020-06-11,3.21,MORTGAGE30US,30yr_Fixed_Mortgage_Rate
2020-06-18,3.13,MORTGAGE30US,30yr_Fixed_Mortgage_Rate
2020-06-25,3.13,MORTGAGE30US,30yr_Fixed_Mortgage_Rate
2020-07-02,3.07,MORTGAGE30US,30yr_Fixed_Mortgage_Rate
2020-07-09,3.03,MORTGAGE30US,30yr_Fixed_Mortgage_Rate
2020-07-16,2.98,MORTGAGE30US,30yr_Fixed_Mortgage_Rate
2020-07-23,3.01,MORTGAGE30US,30yr_Fixed_Mortgage_Rate
2020-07-30,2.99,MORTGAGE30US,30yr_Fixed_Mortgage_Rate
2020-08-06,2.88,MORTGAGE30US,30yr_Fixed_Mortgage_Rate
2020-08-13,2.96,MORTGAGE30US,30yr_Fixed_Mortgage_Rate
2020-08-20,2.99,MORTGAGE30US,30yr_Fixed_Mortgage_Rate
2020-08-27,2.91,MORTGAGE30US,30yr_Fixed_Mortgage_Rate
2020-09-03,2.93,MORTGAGE30US,30yr_Fixed_Mortgage_Rate
2020-09-10,2.86,MORTGAGE30US,30yr_Fixed_Mortgage_Rate
2020-09-17,2.87,MORTGAGE30US,30yr_Fixed_Mortgage_Rate
2020-09-24,2.9,MORTGAGE30US,30yr_Fixed_Mortgage_Rate
2020-10-01,2.88,MORTGAGE30US,30yr_Fixed_Mortgage_Rate
2020-10-08,2.87,MORTGAGE30US,30yr_Fixed_Mortgage_Rate
2020-10-15,2.81,MORTGAGE30US,30yr_Fixed_Mortgage_Rate
2020-10-22,2.8,MORTGAGE30US,30yr_Fixed_Mortgage_Rate
2020-10-29,2.81,MORTGAGE30US,30yr_Fixed_Mortgage_Rate
2020-11-05,2.78,MORTGAGE30US,30yr_Fixed_Mortgage_Rate
2020-11-12,2.84,MORTGAGE30US,30yr_Fixed_Mortgage_Rate
2020-11-19,2.72,MORTGAGE30US,30yr_Fixed_Mortgage_Rate
2020-11-25,2.72,MORTGAGE30US,30yr_Fixed_Mortgage_Rate
2020-12-03,2.71,MORTGAGE30US,30yr_Fixed_Mortgage_Rate
2020-12-10,2.71,MORTGAGE30US,30yr_Fixed_Mortgage_Rate
2020-12-17,2.67,MORTGAGE30US,30yr_Fixed_Mortgage_Rate
2020-12-24,2.66,MORTGAGE30US,30yr_Fixed_Mortgage_Rate
2020-12-31,2.67,MORTGAGE30US,30yr_Fixed_Mortgage_Rate
2021-01-07,2.65,MORTGAGE30US,30yr_Fixed_Mortgage_Rate
2021-01-14,2.79,MORTGAGE30US,30yr_Fixed_Mortgage_Rate
2021-01-21,2.77,MORTGAGE30US,30yr_Fixed_Mortgage_Rate
2021-01-28,2.73,MORTGAGE30US,30yr_Fixed_Mortgage_Rate
2021-02-04,2.73,MORTGAGE30US,30yr_Fixed_Mortgage_Rate
2021-02-11,2.73,MORTGAGE30US,30yr_Fixed_Mortgage_Rate
2021-02-18,2.81,MORTGAGE30US,30yr_Fixed_Mortgage_Rate
2021-02-25,2.97,MORTGAGE30US,30yr_Fixed_Mortgage_Rate
2021-03-04,3.02,MORTGAGE30US,30yr_Fixed_Mortgage_Rate
2021-03-11,3.05,MORTGAGE30US,30yr_Fixed_Mortgage_Rate
2021-03-18,3.09,MORTGAGE30US,30yr_Fixed_Mortgage_Rate
2021-03-25,3.17,MORTGAGE30US,30yr_Fixed_Mortgage_Rate
2021-04-01,3.18,MORTGAGE30US,30yr_Fixed_Mortgage_Rate
2021-04-08,3.13,MORTGAGE30US,30yr_Fixed_Mortgage_Rate
2021-04-15,3.04,MORTGAGE30US,30yr_Fixed_Mortgage_Rate
2021-04-22,2.97,MORTGAGE30US,30yr_Fixed_Mortgage_Rate
2021-04-29,2.98,MORTGAGE30US,30yr_Fixed_Mortgage_Rate
2021-05-06,2.96,MORTGAGE30US,30yr_Fixed_Mortgage_Rate
2021-05-13,2.94,MORTGAGE30US,30yr_Fixed_Mortgage_Rate
2021-05-20,3.0,MORTGAGE30US,30yr_Fixed_Mortgage_Rate
2021-05-27,2.95,MORTGAGE30US,30yr_Fixed_Mortgage_Rate
2021-06-03,2.99,MORTGAGE30US,30yr_Fixed_Mortgage_Rate
2021-06-10,2.96,MORTGAGE30US,30yr_Fixed_Mortgage_Rate
2021-06-17,2.93,MORTGAGE30US,30yr_Fixed_Mortgage_Rate
2021-06-24,3.02,MORTGAGE30US,30yr_Fixed_Mortgage_Rate
2021-07-01,2.98,MORTGAGE30US,30yr_Fixed_Mortgage_Rate
2021-07-08,2.9,MORTGAGE30US,30yr_Fixed_Mortgage_Rate
2021-07-15,2.88,MORTGAGE30US,30yr_Fixed_Mortgage_Rate
2021-07-22,2.78,MORTGAGE30US,30yr_Fixed_Mortgage_Rate
2021-07-29,2.8,MORTGAGE30US,30yr_Fixed_Mortgage_Rate
2021-08-05,2.77,MORTGAGE30US,30yr_Fixed_Mortgage_Rate
2021-08-12,2.87,MORTGAGE30US,30yr_Fixed_Mortgage_Rate
2021-08-19,2.86,MORTGAGE30US,30yr_Fixed_Mortgage_Rate
2021-08-26,2.87,MORTGAGE30US,30yr_Fixed_Mortgage_Rate
2021-09-02,2.87,MORTGAGE30US,30yr_Fixed_Mortgage_Rate
2021-09-09,2.88,MORTGAGE30US,30yr_Fixed_Mortgage_Rate
2021-09-16,2.86,MORTGAGE30US,30yr_Fixed_Mortgage_Rate
2021-09-23,2.88,MORTGAGE30US,30yr_Fixed_Mortgage_Rate
2021-09-30,3.01,MORTGAGE30US,30yr_Fixed_Mortgage_Rate
2021-10-07,2.99,MORTGAGE30US,30yr_Fixed_Mortgage_Rate
2021-10-14,3.05,MORTGAGE30US,30yr_Fixed_Mortgage_Rate
2021-10-21,3.09,MORTGAGE30US,30yr_Fixed_Mortgage_Rate
2021-10-28,3.14,MORTGAGE30US,30yr_Fixed_Mortgage_Rate
2021-11-04,3.09,MORTGAGE30US,30yr_Fixed_Mortgage_Rate
2021-11-10,2.98,MORTGAGE30US,30yr_Fixed_Mortgage_Rate
2021-11-18,3.1,MORTGAGE30US,30yr_Fixed_Mortgage_Rate
2021-11-24,3.1,MORTGAGE30US,30yr_Fixed_Mortgage_Rate
2021-12-02,3.11,MORTGAGE30US,30yr_Fixed_Mortgage_Rate
2021-12-09,3.1,MORTGAGE30US,30yr_Fixed_Mortgage_Rate
2021-12-16,3.12,MORTGAGE30US,30yr_Fixed_Mortgage_Rate
2021-12-23,3.05,MORTGAGE30US,30yr_Fixed_Mortgage_Rate
2021-12-30,3.11,MORTGAGE30US,30yr_Fixed_Mortgage_Rate
2022-01-06,3.22,MORTGAGE30US,30yr_Fixed_Mortgage_Rate
2022-01-13,3.45,MORTGAGE30US,30yr_Fixed_Mortgage_Rate
2022-01-20,3.56,MORTGAGE30US,30yr_Fixed_Mortgage_Rate
2022-01-27,3.55,MORTGAGE30US,30yr_Fixed_Mortgage_Rate
2022-02-03,3.55,MORTGAGE30US,30yr_Fixed_Mortgage_Rate
2022-02-10,3.69,MORTGAGE30US,30yr_Fixed_Mortgage_Rate
2022-02-17,3.92,MORTGAGE30US,30yr_Fixed_Mortgage_Rate
2022-02-24,3.89,MORTGAGE30US,30yr_Fixed_Mortgage_Rate
2022-03-03,3.76,MORTGAGE30US,30yr_Fixed_Mortgage_Rate
2022-03-10,3.85,MORTGAGE30US,30yr_Fixed_Mortgage_Rate
2022-03-17,4.16,MORTGAGE30US,30yr_Fixed_Mortgage_Rate
2022-03-24,4.42,MORTGAGE30US,30yr_Fixed_Mortgage_Rate
2022-03-31,4.67,MORTGAGE30US,30yr_Fixed_Mortgage_Rate
2022-04-07,4.72,MORTGAGE30US,30yr_Fixed_Mortgage_Rate
2022-04-14,5.0,MORTGAGE30US,30yr_Fixed_Mortgage_Rate
2022-04-21,5.11,MORTGAGE30US,30yr_Fixed_Mortgage_Rate
2022-04-28,5.1,MORTGAGE30US,30yr_Fixed_Mortgage_Rate
2022-05-05,5.27,MORTGAGE30US,30yr_Fixed_Mortgage_Rate
2022-05-12,5.3,MORTGAGE30US,30yr_Fixed_Mortgage_Rate
2022-05-19,5.25,MORTGAGE30US,30yr_Fixed_Mortgage_Rate
2022-05-26,5.1,MORTGAGE30US,30yr_Fixed_Mortgage_Rate
2022-06-02,5.09,MORTGAGE30US,30yr_Fixed_Mortgage_Rate
2022-06-09,5.23,MORTGAGE30US,30yr_Fixed_Mortgage_Rate
2022-06-16,5.78,MORTGAGE30US,30yr_Fixed_Mortgage_Rate
2022-06-23,5.81,MORTGAGE30US,30yr_Fixed_Mortgage_Rate
2022-06-30,5.7,MORTGAGE30US,30yr_Fixed_Mortgage_Rate
2022-07-07,5.3,MORTGAGE30US,30yr_Fixed_Mortgage_Rate
2022-07-14,5.51,MORTGAGE30US,30yr_Fixed_Mortgage_Rate
2022-07-21,5.54,MORTGAGE30US,30yr_Fixed_Mortgage_Rate
2022-07-28,5.3,MORTGAGE30US,30yr_Fixed_Mortgage_Rate
2022-08-04,4.99,MORTGAGE30US,30yr_Fixed_Mortgage_Rate
2022-08-11,5.22,MORTGAGE30US,30yr_Fixed_Mortgage_Rate
2022-08-18,5.13,MORTGAGE30US,30yr_Fixed_Mortgage_Rate
2022-08-25,5.55,MORTGAGE30US,30yr_Fixed_Mortgage_Rate
2022-09-01,5.66,MORTGAGE30US,30yr_Fixed_Mortgage_Rate
2022-09-08,5.89,MORTGAGE30US,30yr_Fixed_Mortgage_Rate
2022-09-15,6.02,MORTGAGE30US,30yr_Fixed_Mortgage_Rate
2022-09-22,6.29,MORTGAGE30US,30yr_Fixed_Mortgage_Rate
2022-09-29,6.7,MORTGAGE30US,30yr_Fixed_Mortgage_Rate
2022-10-06,6.66,MORTGAGE30US,30yr_Fixed_Mortgage_Rate
2022-10-13,6.92,MORTGAGE30US,30yr_Fixed_Mortgage_Rate
2022-10-20,6.94,MORTGAGE30US,30yr_Fixed_Mortgage_Rate
2022-10-27,7.08,MORTGAGE30US,30yr_Fixed_Mortgage_Rate
2022-11-03,6.95,MORTGAGE30US,30yr_Fixed_Mortgage_Rate
2022-11-10,7.08,MORTGAGE30US,30yr_Fixed_Mortgage_Rate
2022-11-17,6.61,MORTGAGE30US,30yr_Fixed_Mortgage_Rate
2022-11-23,6.58,MORTGAGE30US,30yr_Fixed_Mortgage_Rate
2022-12-01,6.49,MORTGAGE30US,30yr_Fixed_Mortgage_Rate
2022-12-08,6.33,MORTGAGE30US,30yr_Fixed_Mortgage_Rate
2022-12-15,6.31,MORTGAGE30US,30yr_Fixed_Mortgage_Rate
2022-12-22,6.27,MORTGAGE30US,30yr_Fixed_Mortgage_Rate
2022-12-29,6.42,MORTGAGE30US,30yr_Fixed_Mortgage_Rate
2023-01-05,6.48,MORTGAGE30US,30yr_Fixed_Mortgage_Rate
2023-01-12,6.33,MORTGAGE30US,30yr_Fixed_Mortgage_Rate
2023-01-19,6.15,MORTGAGE30US,30yr_Fixed_Mortgage_Rate
2023-01-26,6.13,MORTGAGE30US,30yr_Fixed_Mortgage_Rate
2023-02-02,6.09,MORTGAGE30US,30yr_Fixed_Mortgage_Rate
2023-02-09,6.12,MORTGAGE30US,30yr_Fixed_Mortgage_Rate
2023-02-16,6.32,MORTGAGE30US,30yr_Fixed_Mortgage_Rate
2023-02-23,6.5,MORTGAGE30US,30yr_Fixed_Mortgage_Rate
2023-03-02,6.65,MORTGAGE30US,30yr_Fixed_Mortgage_Rate
2023-03-09,6.73,MORTGAGE30US,30yr_Fixed_Mortgage_Rate
2023-03-16,6.6,MORTGAGE30US,30yr_Fixed_Mortgage_Rate
2023-03-23,6.42,MORTGAGE30US,30yr_Fixed_Mortgage_Rate
2023-03-30,6.32,MORTGAGE30US,30yr_Fixed_Mortgage_Rate
2023-04-06,6.28,MORTGAGE30US,30yr_Fixed_Mortgage_Rate
2023-04-13,6.27,MORTGAGE30US,30yr_Fixed_Mortgage_Rate
2023-04-20,6.39,MORTGAGE30US,30yr_Fixed_Mortgage_Rate
2023-04-27,6.43,MORTGAGE30US,30yr_Fixed_Mortgage_Rate
2023-05-04,6.39,MORTGAGE30US,30yr_Fixed_Mortgage_Rate
2023-05-11,6.35,MORTGAGE30US,30yr_Fixed_Mortgage_Rate
2023-05-18,6.39,MORTGAGE30US,30yr_Fixed_Mortgage_Rate
2023-05-25,6.57,MORTGAGE30US,30yr_Fixed_Mortgage_Rate
2023-06-01,6.79,MORTGAGE30US,30yr_Fixed_Mortgage_Rate
2023-06-08,6.71,MORTGAGE30US,30yr_Fixed_Mortgage_Rate
2023-06-15,6.69,MORTGAGE30US,30yr_Fixed_Mortgage_Rate
2023-06-22,6.67,MORTGAGE30US,30yr_Fixed_Mortgage_Rate
2023-06-29,6.71,MORTGAGE30US,30yr_Fixed_Mortgage_Rate
2023-07-06,6.81,MORTGAGE30US,30yr_Fixed_Mortgage_Rate
2023-07-13,6.96,MORTGAGE30US,30yr_Fixed_Mortgage_Rate
2023-07-20,6.78,MORTGAGE30US,30yr_Fixed_Mortgage_Rate
2023-07-27,6.81,MORTGAGE30US,30yr_Fixed_Mortgage_Rate
2023-08-03,6.9,MORTGAGE30US,30yr_Fixed_Mortgage_Rate
2023-08-10,6.96,MORTGAGE30US,30yr_Fixed_Mortgage_Rate
2023-08-17,7.09,MORTGAGE30US,30yr_Fixed_Mortgage_Rate
2023-08-24,7.23,MORTGAGE30US,30yr_Fixed_Mortgage_Rate
2023-08-31,7.18,MORTGAGE30US,30yr_Fixed_Mortgage_Rate
2023-09-07,7.12,MORTGAGE30US,30yr_Fixed_Mortgage_Rate
2023-09-14,7.18,MORTGAGE30US,30yr_Fixed_Mortgage_Rate
2023-09-21,7.19,MORTGAGE30US,30yr_Fixed_Mortgage_Rate
2023-09-28,7.31,MORTGAGE30US,30yr_Fixed_Mortgage_Rate
2023-10-05,7.49,MORTGAGE30US,30yr_Fixed_Mortgage_Rate
2023-10-12,7.57,MORTGAGE30US,30yr_Fixed_Mortgage_Rate
2023-10-19,7.63,MORTGAGE30US,30yr_Fixed_Mortgage_Rate
2023-10-26,7.79,MORTGAGE30US,30yr_Fixed_Mortgage_Rate
2023-11-02,7.76,MORTGAGE30US,30yr_Fixed_Mortgage_Rate
2023-11-09,7.5,MORTGAGE30US,30yr_Fixed_Mortgage_Rate
2023-11-16,7.44,MORTGAGE30US,30yr_Fixed_Mortgage_Rate
2023-11-22,7.29,MORTGAGE30US,30yr_Fixed_Mortgage_Rate
2023-11-30,7.22,MORTGAGE30US,30yr_Fixed_Mortgage_Rate
2023-12-07,7.03,MORTGAGE30US,30yr_Fixed_Mortgage_Rate
2023-12-14,6.95,MORTGAGE30US,30yr_Fixed_Mortgage_Rate
2023-12-21,6.67,MORTGAGE30US,30yr_Fixed_Mortgage_Rate
2023-12-28,6.61,MORTGAGE30US,30yr_Fixed_Mortgage_Rate
2024-01-04,6.62,MORTGAGE30US,30yr_Fixed_Mortgage_Rate
2024-01-11,6.66,MORTGAGE30US,30yr_Fixed_Mortgage_Rate
2024-01-18,6.6,MORTGAGE30US,30yr_Fixed_Mortgage_Rate
2024-01-25,6.69,MORTGAGE30US,30yr_Fixed_Mortgage_Rate
2024-02-01,6.63,MORTGAGE30US,30yr_Fixed_Mortgage_Rate
2024-02-08,6.64,MORTGAGE30US,30yr_Fixed_Mortgage_Rate
2024-02-15,6.77,MORTGAGE30US,30yr_Fixed_Mortgage_Rate
2024-02-22,6.9,MORTGAGE30US,30yr_Fixed_Mortgage_Rate
2024-02-29,6.94,MORTGAGE30US,30yr_Fixed_Mortgage_Rate
2024-03-07,6.88,MORTGAGE30US,30yr_Fixed_Mortgage_Rate
2024-03-14,6.74,MORTGAGE30US,30yr_Fixed_Mortgage_Rate
2024-03-21,6.87,MORTGAGE30US,30yr_Fixed_Mortgage_Rate
2024-03-28,6.79,MORTGAGE30US,30yr_Fixed_Mortgage_Rate
2024-04-04,6.82,MORTGAGE30US,30yr_Fixed_Mortgage_Rate
2024-04-11,6.88,MORTGAGE30US,30yr_Fixed_Mortgage_Rate
2024-04-18,7.1,MORTGAGE30US,30yr_Fixed_Mortgage_Rate
2024-04-25,7.17,MORTGAGE30US,30yr_Fixed_Mortgage_Rate
2024-05-02,7.22,MORTGAGE30US,30yr_Fixed_Mortgage_Rate
2024-05-09,7.09,MORTGAGE30US,30yr_Fixed_Mortgage_Rate
2024-05-16,7.02,MORTGAGE30US,30yr_Fixed_Mortgage_Rate
2024-05-23,6.94,MORTGAGE30US,30yr_Fixed_Mortgage_Rate
2024-05-30,7.03,MORTGAGE30US,30yr_Fixed_Mortgage_Rate
2024-06-06,6.99,MORTGAGE30US,30yr_Fixed_Mortgage_Rate
2024-06-13,6.95,MORTGAGE30US,30yr_Fixed_Mortgage_Rate
2024-06-20,6.87,MORTGAGE30US,30yr_Fixed_Mortgage_Rate
2024-06-27,6.86,MORTGAGE30US,30yr_Fixed_Mortgage_Rate
2024-07-03,6.95,MORTGAGE30US,30yr_Fixed_Mortgage_Rate
2024-07-11,6.89,MORTGAGE30US,30yr_Fixed_Mortgage_Rate
2024-07-18,6.77,MORTGAGE30US,30yr_Fixed_Mortgage_Rate
2024-07-25,6.78,MORTGAGE30US,30yr_Fixed_Mortgage_Rate
2024-08-01,6.73,MORTGAGE30US,30yr_Fixed_Mortgage_Rate
2024-08-08,6.47,MORTGAGE30US,30yr_Fixed_Mortgage_Rate
2024-08-15,6.49,MORTGAGE30US,30yr_Fixed_Mortgage_Rate
2024-08-22,6.46,MORTGAGE30US,30yr_Fixed_Mortgage_Rate
2024-08-29,6.35,MORTGAGE30US,30yr_Fixed_Mortgage_Rate
2024-09-05,6.35,MORTGAGE30US,30yr_Fixed_Mortgage_Rate
2024-09-12,6.2,MORTGAGE30US,30yr_Fixed_Mortgage_Rate
2024-09-19,6.09,MORTGAGE30US,30yr_Fixed_Mortgage_Rate
2024-09-26,6.08,MORTGAGE30US,30yr_Fixed_Mortgage_Rate
2024-10-03,6.12,MORTGAGE30US,30yr_Fixed_Mortgage_Rate
2024-10-10,6.32,MORTGAGE30US,30yr_Fixed_Mortgage_Rate
2024-10-17,6.44,MORTGAGE30US,30yr_Fixed_Mortgage_Rate
2024-10-24,6.54,MORTGAGE30US,30yr_Fixed_Mortgage_Rate
2024-10-31,6.72,MORTGAGE30US,30yr_Fixed_Mortgage_Rate
2024-11-07,6.79,MORTGAGE30US,30yr_Fixed_Mortgage_Rate
2024-11-14,6.78,MORTGAGE30US,30yr_Fixed_Mortgage_Rate
2024-11-21,6.84,MORTGAGE30US,30yr_Fixed_Mortgage_Rate
2024-11-27,6.81,MORTGAGE30US,30yr_Fixed_Mortgage_Rate
2024-12-05,6.69,MORTGAGE30US,30yr_Fixed_Mortgage_Rate
2024-12-12,6.6,MORTGAGE30US,30yr_Fixed_Mortgage_Rate
2024-12-19,6.72,MORTGAGE30US,30yr_Fixed_Mortgage_Rate
2024-12-26,6.85,MORTGAGE30US,30yr_Fixed_Mortgage_Rate
2025-01-02,6.91,MORTGAGE30US,30yr_Fixed_Mortgage_Rate
2025-01-09,6.93,MORTGAGE30US,30yr_Fixed_Mortgage_Rate
2025-01-16,7.04,MORTGAGE30US,30yr_Fixed_Mortgage_Rate
2025-01-23,6.96,MORTGAGE30US,30yr_Fixed_Mortgage_Rate
2025-01-30,6.95,MORTGAGE30US,30yr_Fixed_Mortgage_Rate
2025-02-06,6.89,MORTGAGE30US,30yr_Fixed_Mortgage_Rate
2025-02-13,6.87,MORTGAGE30US,30yr_Fixed_Mortgage_Rate
2025-02-20,6.85,MORTGAGE30US,30yr_Fixed_Mortgage_Rate
2025-02-27,6.76,MORTGAGE30US,30yr_Fixed_Mortgage_Rate
2025-03-06,6.63,MORTGAGE30US,30yr_Fixed_Mortgage_Rate
2025-03-13,6.65,MORTGAGE30US,30yr_Fixed_Mortgage_Rate
2025-03-20,6.67,MORTGAGE30US,30yr_Fixed_Mortgage_Rate
2025-03-27,6.65,MORTGAGE30US,30yr_Fixed_Mortgage_Rate
2025-04-03,6.64,MORTGAGE30US,30yr_Fixed_Mortgage_Rate
2025-04-10,6.62,MORTGAGE30US,30yr_Fixed_Mortgage_Rate
2025-04-17,6.83,MORTGAGE30US,30yr_Fixed_Mortgage_Rate
2025-04-24,6.81,MORTGAGE30US,30yr_Fixed_Mortgage_Rate
2025-05-01,6.76,MORTGAGE30US,30yr_Fixed_Mortgage_Rate
2025-05-08,6.76,MORTGAGE30US,30yr_Fixed_Mortgage_Rate
2025-05-15,6.81,MORTGAGE30US,30yr_Fixed_Mortgage_Rate
2025-05-22,6.86,MORTGAGE30US,30yr_Fixed_Mortgage_Rate
2025-05-29,6.89,MORTGAGE30US,30yr_Fixed_Mortgage_Rate
2025-06-05,6.85,MORTGAGE30US,30yr_Fixed_Mortgage_Rate
2025-06-12,6.84,MORTGAGE30US,30yr_Fixed_Mortgage_Rate
2025-06-18,6.81,MORTGAGE30US,30yr_Fixed_Mortgage_Rate
2025-06-26,6.77,MORTGAGE30US,30yr_Fixed_Mortgage_Rate
2025-07-03,6.67,MORTGAGE30US,30yr_Fixed_Mortgage_Rate
2025-07-10,6.72,MORTGAGE30US,30yr_Fixed_Mortgage_Rate
2025-07-17,6.75,MORTGAGE30US,30yr_Fixed_Mortgage_Rate
2025-07-24,6.74,MORTGAGE30US,30yr_Fixed_Mortgage_Rate
2025-07-31,6.72,MORTGAGE30US,30yr_Fixed_Mortgage_Rate
2025-08-07,6.63,MORTGAGE30US,30yr_Fixed_Mortgage_Rate
2025-08-14,6.58,MORTGAGE30US,30yr_Fixed_Mortgage_Rate
2025-08-21,6.58,MORTGAGE30US,30yr_Fixed_Mortgage_Rate
2025-08-28,6.56,MORTGAGE30US,30yr_Fixed_Mortgage_Rate
2025-09-04,6.5,MORTGAGE30US,30yr_Fixed_Mortgage_Rate
2025-09-11,6.35,MORTGAGE30US,30yr_Fixed_Mortgage_Rate
2025-09-18,6.26,MORTGAGE30US,30yr_Fixed_Mortgage_Rate
2025-09-25,6.3,MORTGAGE30US,30yr_Fixed_Mortgage_Rate
2025-10-02,6.34,MORTGAGE30US,30yr_Fixed_Mortgage_Rate
2025-10-09,6.3,MORTGAGE30US,30yr_Fixed_Mortgage_Rate
2025-10-16,6.27,MORTGAGE30US,30yr_Fixed_Mortgage_Rate
2025-10-23,6.19,MORTGAGE30US,30yr_Fixed_Mortgage_Rate
2025-10-30,6.17,MORTGAGE30US,30yr_Fixed_Mortgage_Rate
2025-11-06,6.22,MORTGAGE30US,30yr_Fixed_Mortgage_Rate
2025-11-13,6.24,MORTGAGE30US,30yr_Fixed_Mortgage_Rate
2025-11-20,6.26,MORTGAGE30US,30yr_Fixed_Mortgage_Rate
2025-11-26,6.23,MORTGAGE30US,30yr_Fixed_Mortgage_Rate
2025-12-04,6.19,MORTGAGE30US,30yr_Fixed_Mortgage_Rate
2025-12-11,6.22,MORTGAGE30US,30yr_Fixed_Mortgage_Rate
2025-12-18,6.21,MORTGAGE30US,30yr_Fixed_Mortgage_Rate
2025-12-24,6.18,MORTGAGE30US,30yr_Fixed_Mortgage_Rate
2025-12-31,6.15,MORTGAGE30US,30yr_Fixed_Mortgage_Rate
2026-01-08,6.16,MORTGAGE30US,30yr_Fixed_Mortgage_Rate
2026-01-15,6.06,MORTGAGE30US,30yr_Fixed_Mortgage_Rate
2026-01-22,6.09,MORTGAGE30US,30yr_Fixed_Mortgage_Rate
2026-01-29,6.1,MORTGAGE30US,30yr_Fixed_Mortgage_Rate
2026-02-05,6.11,MORTGAGE30US,30yr_Fixed_Mortgage_Rate
2026-02-12,6.09,MORTGAGE30US,30yr_Fixed_Mortgage_Rate
2026-02-19,6.01,MORTGAGE30US,30yr_Fixed_Mortgage_Rate
2026-02-26,5.98,MORTGAGE30US,30yr_Fixed_Mortgage_Rate
2026-03-05,6.0,MORTGAGE30US,30yr_Fixed_Mortgage_Rate
2026-03-12,6.11,MORTGAGE30US,30yr_Fixed_Mortgage_Rate
2016-01-01,299800.0,MSPUS,Median_Home_Sale_Price
2016-04-01,306000.0,MSPUS,Median_Home_Sale_Price
2016-07-01,303800.0,MSPUS,Median_Home_Sale_Price
2016-10-01,310900.0,MSPUS,Median_Home_Sale_Price
2017-01-01,313100.0,MSPUS,Median_Home_Sale_Price
2017-04-01,318200.0,MSPUS,Median_Home_Sale_Price
2017-07-01,320500.0,MSPUS,Median_Home_Sale_Price
2017-10-01,337900.0,MSPUS,Median_Home_Sale_Price
2018-01-01,331800.0,MSPUS,Median_Home_Sale_Price
2018-04-01,315600.0,MSPUS,Median_Home_Sale_Price
2018-07-01,330900.0,MSPUS,Median_Home_Sale_Price
2018-10-01,322800.0,MSPUS,Median_Home_Sale_Price
2019-01-01,313000.0,MSPUS,Median_Home_Sale_Price
2019-04-01,322500.0,MSPUS,Median_Home_Sale_Price
2019-07-01,318400.0,MSPUS,Median_Home_Sale_Price
2019-10-01,327100.0,MSPUS,Median_Home_Sale_Price
2020-01-01,329000.0,MSPUS,Median_Home_Sale_Price
2020-04-01,317100.0,MSPUS,Median_Home_Sale_Price
2020-07-01,327900.0,MSPUS,Median_Home_Sale_Price
2020-10-01,338600.0,MSPUS,Median_Home_Sale_Price
2021-01-01,355000.0,MSPUS,Median_Home_Sale_Price
2021-04-01,367800.0,MSPUS,Median_Home_Sale_Price
2021-07-01,395200.0,MSPUS,Median_Home_Sale_Price
2021-10-01,414000.0,MSPUS,Median_Home_Sale_Price
2022-01-01,413500.0,MSPUS,Median_Home_Sale_Price
2022-04-01,437700.0,MSPUS,Median_Home_Sale_Price
2022-07-01,438000.0,MSPUS,Median_Home_Sale_Price
2022-10-01,442600.0,MSPUS,Median_Home_Sale_Price
2023-01-01,429000.0,MSPUS,Median_Home_Sale_Price
2023-04-01,418500.0,MSPUS,Median_Home_Sale_Price
2023-07-01,435400.0,MSPUS,Median_Home_Sale_Price
2023-10-01,423200.0,MSPUS,Median_Home_Sale_Price
2024-01-01,426800.0,MSPUS,Median_Home_Sale_Price
2024-04-01,414500.0,MSPUS,Median_Home_Sale_Price
2024-07-01,415300.0,MSPUS,Median_Home_Sale_Price
2024-10-01,419300.0,MSPUS,Median_Home_Sale_Price
2025-01-01,423100.0,MSPUS,Median_Home_Sale_Price
2025-04-01,416100.0,MSPUS,Median_Home_Sale_Price
2025-07-01,410100.0,MSPUS,Median_Home_Sale_Price
2025-10-01,405300.0,MSPUS,Median_Home_Sale_Price
2016-01-01,63.5,RHORUSQ156N,Homeownership_Rate
2016-04-01,62.9,RHORUSQ156N,Homeownership_Rate
2016-07-01,63.5,RHORUSQ156N,Homeownership_Rate
2016-10-01,63.7,RHORUSQ156N,Homeownership_Rate
2017-01-01,63.6,RHORUSQ156N,Homeownership_Rate
2017-04-01,63.7,RHORUSQ156N,Homeownership_Rate
2017-07-01,63.9,RHORUSQ156N,Homeownership_Rate
2017-10-01,64.2,RHORUSQ156N,Homeownership_Rate
2018-01-01,64.2,RHORUSQ156N,Homeownership_Rate
2018-04-01,64.3,RHORUSQ156N,Homeownership_Rate
2018-07-01,64.4,RHORUSQ156N,Homeownership_Rate
2018-10-01,64.8,RHORUSQ156N,Homeownership_Rate
2019-01-01,64.2,RHORUSQ156N,Homeownership_Rate
2019-04-01,64.1,RHORUSQ156N,Homeownership_Rate
2019-07-01,64.8,RHORUSQ156N,Homeownership_Rate
2019-10-01,65.1,RHORUSQ156N,Homeownership_Rate
2020-01-01,65.3,RHORUSQ156N,Homeownership_Rate
2020-04-01,67.9,RHORUSQ156N,Homeownership_Rate
2020-07-01,67.4,RHORUSQ156N,Homeownership_Rate
2020-10-01,65.8,RHORUSQ156N,Homeownership_Rate
2021-01-01,65.6,RHORUSQ156N,Homeownership_Rate
2021-04-01,65.4,RHORUSQ156N,Homeownership_Rate
2021-07-01,65.4,RHORUSQ156N,Homeownership_Rate
2021-10-01,65.5,RHORUSQ156N,Homeownership_Rate
2022-01-01,65.4,RHORUSQ156N,Homeownership_Rate
2022-04-01,65.8,RHORUSQ156N,Homeownership_Rate
2022-07-01,66.0,RHORUSQ156N,Homeownership_Rate
2022-10-01,65.9,RHORUSQ156N,Homeownership_Rate
2023-01-01,66.0,RHORUSQ156N,Homeownership_Rate
2023-04-01,65.9,RHORUSQ156N,Homeownership_Rate
2023-07-01,66.0,RHORUSQ156N,Homeownership_Rate
2023-10-01,65.7,RHORUSQ156N,Homeownership_Rate
2024-01-01,65.6,RHORUSQ156N,Homeownership_Rate
2024-04-01,65.6,RHORUSQ156N,Homeownership_Rate
2024-07-01,65.6,RHORUSQ156N,Homeownership_Rate
2024-10-01,65.7,RHORUSQ156N,Homeownership_Rate
2025-01-01,65.1,RHORUSQ156N,Homeownership_Rate
2025-04-01,65.0,RHORUSQ156N,Homeownership_Rate
2025-07-01,65.3,RHORUSQ156N,Homeownership_Rate
2025-10-01,65.7,RHORUSQ156N,Homeownership_Rate
2016-01-01,6.1,PSAVERT,Personal_Savings_Rate
2016-02-01,5.6,PSAVERT,Personal_Savings_Rate
2016-03-01,5.9,PSAVERT,Personal_Savings_Rate
2016-04-01,5.5,PSAVERT,Personal_Savings_Rate
2016-05-01,5.3,PSAVERT,Personal_Savings_Rate
2016-06-01,4.9,PSAVERT,Personal_Savings_Rate
2016-07-01,5.1,PSAVERT,Personal_Savings_Rate
2016-08-01,5.1,PSAVERT,Personal_Savings_Rate
2016-09-01,5.1,PSAVERT,Personal_Savings_Rate
2016-10-01,5.3,PSAVERT,Personal_Savings_Rate
2016-11-01,5.4,PSAVERT,Personal_Savings_Rate
2016-12-01,5.0,PSAVERT,Personal_Savings_Rate
2017-01-01,5.3,PSAVERT,Personal_Savings_Rate
2017-02-01,5.6,PSAVERT,Personal_Savings_Rate
2017-03-01,5.6,PSAVERT,Personal_Savings_Rate
2017-04-01,5.7,PSAVERT,Personal_Savings_Rate
2017-05-01,6.3,PSAVERT,Personal_Savings_Rate
2017-06-01,6.0,PSAVERT,Personal_Savings_Rate
2017-07-01,6.0,PSAVERT,Personal_Savings_Rate
2017-08-01,6.1,PSAVERT,Personal_Savings_Rate
2017-09-01,5.9,PSAVERT,Personal_Savings_Rate
2017-10-01,6.0,PSAVERT,Personal_Savings_Rate
2017-11-01,5.6,PSAVERT,Personal_Savings_Rate
2017-12-01,5.0,PSAVERT,Personal_Savings_Rate
2018-01-01,5.7,PSAVERT,Personal_Savings_Rate
2018-02-01,5.8,PSAVERT,Personal_Savings_Rate
2018-03-01,5.9,PSAVERT,Personal_Savings_Rate
2018-04-01,6.0,PSAVERT,Personal_Savings_Rate
2018-05-01,6.0,PSAVERT,Personal_Savings_Rate
2018-06-01,6.3,PSAVERT,Personal_Savings_Rate
2018-07-01,6.5,PSAVERT,Personal_Savings_Rate
2018-08-01,6.6,PSAVERT,Personal_Savings_Rate
2018-09-01,6.8,PSAVERT,Personal_Savings_Rate
2018-10-01,6.7,PSAVERT,Personal_Savings_Rate
2018-11-01,6.5,PSAVERT,Personal_Savings_Rate
2018-12-01,8.4,PSAVERT,Personal_Savings_Rate
2019-01-01,8.4,PSAVERT,Personal_Savings_Rate
2019-02-01,8.5,PSAVERT,Personal_Savings_Rate
2019-03-01,7.9,PSAVERT,Personal_Savings_Rate
2019-04-01,7.6,PSAVERT,Personal_Savings_Rate
2019-05-01,7.3,PSAVERT,Personal_Savings_Rate
2019-06-01,7.1,PSAVERT,Personal_Savings_Rate
2019-07-01,6.8,PSAVERT,Personal_Savings_Rate
2019-08-01,6.9,PSAVERT,Personal_Savings_Rate
2019-09-01,7.0,PSAVERT,Personal_Savings_Rate
2019-10-01,7.1,PSAVERT,Personal_Savings_Rate
2019-11-01,6.9,PSAVERT,Personal_Savings_Rate
2019-12-01,6.2,PSAVERT,Personal_Savings_Rate
2020-01-01,6.8,PSAVERT,Personal_Savings_Rate
2020-02-01,7.5,PSAVERT,Personal_Savings_Rate
2020-03-01,12.4,PSAVERT,Personal_Savings_Rate
2020-04-01,31.8,PSAVERT,Personal_Savings_Rate
2020-05-01,22.6,PSAVERT,Personal_Savings_Rate
2020-06-01,18.3,PSAVERT,Personal_Savings_Rate
2020-07-01,17.9,PSAVERT,Personal_Savings_Rate
2020-08-01,13.9,PSAVERT,Personal_Savings_Rate
2020-09-01,13.3,PSAVERT,Personal_Savings_Rate
2020-10-01,12.8,PSAVERT,Personal_Savings_Rate
2020-11-01,12.0,PSAVERT,Personal_Savings_Rate
2020-12-01,11.8,PSAVERT,Personal_Savings_Rate
2021-01-01,19.5,PSAVERT,Personal_Savings_Rate
2021-02-01,13.0,PSAVERT,Personal_Savings_Rate
2021-03-01,26.2,PSAVERT,Personal_Savings_Rate
2021-04-01,12.4,PSAVERT,Personal_Savings_Rate
2021-05-01,10.0,PSAVERT,Personal_Savings_Rate
2021-06-01,8.8,PSAVERT,Personal_Savings_Rate
2021-07-01,9.5,PSAVERT,Personal_Savings_Rate
2021-08-01,8.7,PSAVERT,Personal_Savings_Rate
2021-09-01,7.6,PSAVERT,Personal_Savings_Rate
2021-10-01,7.0,PSAVERT,Personal_Savings_Rate
2021-11-01,6.6,PSAVERT,Personal_Savings_Rate
2021-12-01,6.6,PSAVERT,Personal_Savings_Rate
2022-01-01,4.2,PSAVERT,Personal_Savings_Rate
2022-02-01,4.1,PSAVERT,Personal_Savings_Rate
2022-03-01,3.2,PSAVERT,Personal_Savings_Rate
2022-04-01,2.6,PSAVERT,Personal_Savings_Rate
2022-05-01,2.6,PSAVERT,Personal_Savings_Rate
2022-06-01,2.2,PSAVERT,Personal_Savings_Rate
2022-07-01,3.3,PSAVERT,Personal_Savings_Rate
2022-08-01,3.2,PSAVERT,Personal_Savings_Rate
2022-09-01,3.4,PSAVERT,Personal_Savings_Rate
2022-10-01,3.4,PSAVERT,Personal_Savings_Rate
2022-11-01,3.8,PSAVERT,Personal_Savings_Rate
2022-12-01,4.2,PSAVERT,Personal_Savings_Rate
2023-01-01,4.9,PSAVERT,Personal_Savings_Rate
2023-02-01,5.5,PSAVERT,Personal_Savings_Rate
2023-03-01,6.0,PSAVERT,Personal_Savings_Rate
2023-04-01,5.8,PSAVERT,Personal_Savings_Rate
2023-05-01,6.1,PSAVERT,Personal_Savings_Rate
2023-06-01,5.8,PSAVERT,Personal_Savings_Rate
2023-07-01,5.5,PSAVERT,Personal_Savings_Rate
2023-08-01,5.6,PSAVERT,Personal_Savings_Rate
2023-09-01,5.3,PSAVERT,Personal_Savings_Rate
2023-10-01,5.4,PSAVERT,Personal_Savings_Rate
2023-11-01,5.6,PSAVERT,Personal_Savings_Rate
2023-12-01,5.6,PSAVERT,Personal_Savings_Rate
2024-01-01,6.4,PSAVERT,Personal_Savings_Rate
2024-02-01,6.1,PSAVERT,Personal_Savings_Rate
2024-03-01,5.9,PSAVERT,Personal_Savings_Rate
2024-04-01,5.8,PSAVERT,Personal_Savings_Rate
2024-05-01,5.8,PSAVERT,Personal_Savings_Rate
2024-06-01,5.7,PSAVERT,Personal_Savings_Rate
2024-07-01,5.3,PSAVERT,Personal_Savings_Rate
2024-08-01,5.2,PSAVERT,Personal_Savings_Rate
2024-09-01,4.8,PSAVERT,Personal_Savings_Rate
2024-10-01,5.0,PSAVERT,Personal_Savings_Rate
2024-11-01,4.9,PSAVERT,Personal_Savings_Rate
2024-12-01,4.3,PSAVERT,Personal_Savings_Rate
2025-01-01,5.1,PSAVERT,Personal_Savings_Rate
2025-02-01,5.2,PSAVERT,Personal_Savings_Rate
2025-03-01,5.1,PSAVERT,Personal_Savings_Rate
2025-04-01,5.5,PSAVERT,Personal_Savings_Rate
2025-05-01,4.9,PSAVERT,Personal_Savings_Rate
2025-06-01,4.6,PSAVERT,Personal_Savings_Rate
2025-07-01,4.5,PSAVERT,Personal_Savings_Rate
2025-08-01,4.4,PSAVERT,Personal_Savings_Rate
2025-09-01,4.3,PSAVERT,Personal_Savings_Rate
2025-10-01,4.0,PSAVERT,Personal_Savings_Rate
2025-11-01,4.0,PSAVERT,Personal_Savings_Rate
2025-12-01,4.0,PSAVERT,Personal_Savings_Rate
2026-01-01,4.5,PSAVERT,Personal_Savings_Rate
2016-01-01,39700.0,MEPAINUSA672N,Real_Median_Personal_Income
2017-01-01,40100.0,MEPAINUSA672N,Real_Median_Personal_Income
2018-01-01,41460.0,MEPAINUSA672N,Real_Median_Personal_Income
2019-01-01,43600.0,MEPAINUSA672N,Real_Median_Personal_Income
2020-01-01,43010.0,MEPAINUSA672N,Real_Median_Personal_Income
2021-01-01,43080.0,MEPAINUSA672N,Real_Median_Personal_Income
2022-01-01,43150.0,MEPAINUSA672N,Real_Median_Personal_Income
2023-01-01,43310.0,MEPAINUSA672N,Real_Median_Personal_Income
2024-01-01,45140.0,MEPAINUSA672N,Real_Median_Personal_Income
